[
    {
        "question": "ما هو عدد أيام الأسبوع؟",
        "answer": "7"
    },
    {
        "question": "ما هو عدد الكواكب في المجموعة الشمسية؟",
        "answer": "8"
    },
    {
        "question": "ما هي العاصمة الفرنسية؟",
        "answer": "باريس"
    },
    {
        "question": "ما هو أكبر قارة في العالم؟",
        "answer": "آسيا"
    },
    {
        "question": "ما هو الرقم الذي يلي العدد 9؟",
        "answer": "10"
    },
    {
        "question": "ما هو الشهر الذي يلي شهر يونيو؟",
        "answer": "يوليو"
    },
    {
        "question": "ما هي لغة البرمجة التي تستخدم في تطوير مواقع الويب؟",
        "answer": "HTML"
    },
    {
        "question": "ما هو العضو الذي يسمى بالكبد بالإنجليزية؟",
        "answer": "Liver"
    },
    {
        "question": "ما هو الفيلم الذي حاز على جائزة الأوسكار لأفضل فيلم في عام 1994؟",
        "answer": "Forrest Gump"
    },
    {
        "question": "ما هو أكبر محيط في العالم؟",
        "answer": "المحيط الهادئ"
    },
    {
        "question": "ما هو الحيوان الذي يطير ويسمى بالعربية بالنسر؟",
        "answer": "Eagle"
    },
    {
        "question": "ما هو العملة الرسمية لليابان؟",
        "answer": "الين الياباني"
    },
    {
        "question": "ما هو أول شهر في السنة الميلادية؟",
        "answer": "يناير"
    },
    {
        "question": "ما هو الجبل الذي يعتبر أعلى قمة في العالم؟",
        "answer": "جبل إيفرست"
    },
    {
        "question": "ما هو اسم السيارة التي صنعت في ألمانيا؟",
        "answer": "فولكس واجن (Volkswagen)"
    },
    {
        "question": "ما هو اسم السمكة القرش بالإنجليزية؟",
        "answer": "Shark"
    },
        {
            "question": "ما هو عدد الأقاليم في العالم؟",
            "answer": "195"
        },
        {
            "question": "ما هي اللغة الأكثر تحدثًا في العالم؟",
            "answer": "الصينية (الماندرين)"
        },
        {
            "question": "ما هو أكبر دولة من حيث المساحة في العالم؟",
            "answer": "روسيا"
        },
        {
            "question": "ما هو أصغر دولة من حيث المساحة في العالم؟",
            "answer": "فاتيكان"
        },
        {
            "question": "ما هو اسم أول قرص صلب صنع للكمبيوتر الشخصي؟",
            "answer": "IBM 350"
        },
        {
            "question": "ما هو الجزء الأكثر سخونة في الأرض؟",
            "answer": "النواقع"
        },
        {
            "question": "ما هو الجبل المعروف بـ 'جبل الشجرة'؟",
            "answer": "جبل راشمور"
        },
        {
            "question": "ما هو اسم العضو الذي يسمى بالعين بالإنجليزية؟",
            "answer": "Eye"
        },
        {
            "question": "ما هي عاصمة المملكة المتحدة؟",
            "answer": "لندن"
        },
        {
            "question": "ما هي عاصمة أستراليا؟",
            "answer": "كانبرا"
        },
        {
            "question": "ما هو الحيوان الذي يعتبر أسرع حيوان على وجه الأرض؟",
            "answer": "الفهد"
        },
        {
            "question": "ما هو اسم أول مخترع للهاتف؟",
            "answer": "ألكسندر غراهام بيل"
        },
        {
            "question": "ما هو العملة الرسمية لألمانيا؟",
            "answer": "اليورو"
        },
        {
            "question": "ما هو اسم أول عالم يصف الأرض بأنها كوكب؟",
            "answer": "أرسطو"
        },
        {
            "question": "ما هو النوع الرئيسي للوقود الذي يستخدم في السيارات؟",
            "answer": "البنزين"
        },
        {
            "question": "ما هو الحيوان الذي يطير ويسمى بالعربية بالطاووس؟",
            "answer": "Peacock"
        },
        {
            "question": "ما هو اسم السلسلة الجبلية التي تمتد على طول الحدود بين فرنسا وإيطاليا؟",
            "answer": "جبال الألب"
        },
        {
            "question": "ما هو الفيلم الذي حاز على جائزة الأوسكار لأفضل فيلم في عام 1997؟",
            "answer": "تيتانيك"
        },
        {
            "question": "ما هو اسم أول شخص قام برحلة حول العالم؟",
            "answer": "فرناند ماجلان"
        },
        {
            "question": "ما هو اسم المجموعة التي تتكون من 12 لاعبا في البيسبول؟",
            "answer": "الفريق"
        },
        {
            "question": "ما هو اسم العملة الرسمية لدولة المغرب؟",
            "answer": "الدرهم المغربي"
        },
        {
            "question": "ما هو اسم أول شركة بحوث تكنولوجيا معلومات في العالم؟",
            "answer": "IBM"
        },
        {
            "question": "ما هو اسم أول شخص أعلن السلام على الإنترنت؟",
            "answer": "جون بوستل"
        }
       
    ]   
